<beans xmlns="http://www.springframework.org/schema/beans"
    xmlns:xsi="http://www.w3.org/2001/XMLSchema-instance" xmlns:context="http://www.springframework.org/schema/context"
    xmlns:mvc="http://www.springframework.org/schema/mvc"
    xsi:schemaLocation="http://www.springframework.org/schema/beans http://www.springframework.org/schema/beans/spring-beans.xsd
    http://www.springframework.org/schema/context http://www.springframework.org/schema/context/spring-context.xsd
    http://www.springframework.org/schema/mvc http://www.springframework.org/schema/mvc/spring-mvc.xsd">
 

    <context:component-scan base-package="com.training.*" />
 
    <mvc:annotation-driven />
    <mvc:default-servlet-handler/>
     
    
    
 	<!-- Initialization for data source -->
   <bean id="dataSource" 
      class="org.springframework.jdbc.datasource.DriverManagerDataSource">
      <property name="driverClassName" value="oracle.jdbc.driver.OracleDriver"/>
      <property name="url" value="jdbc:oracle:thin:@10.232.71.29:1521:INATP02"/>
      <property name="username" value="shobana"/>
      <property name="password" value="shobana"/>
   </bean>

   <!-- Definition for studentJDBCTemplate bean -->
   <bean id="LoanJDBCTemplate" 
      class="com.training.daoimplementation.LoanJDBCTemplate">
      <property name="dataSource"  ref="dataSource" />    
   </bean>
   
     <bean id="GoalJDBCTemplate" 
      class="com.training.daoimplementation.GoalJDBCTemplate">
      <property name="dataSource"  ref="dataSource" />    
   </bean>
   
    <bean id="DocumentJDBCTemplate" 
      class="com.training.daoimplementation.DocumentJDBCTemplate">
      <property name="dataSource"  ref="dataSource" />    
   </bean>
 
   
   
 	 
	 <bean id="metaData" class="com.training.bean.MetaData" />
	 <bean id="data" class="com.training.bean.Data" />
	 <bean id="error" class="com.training.bean.ErrorDetails" />	
	 <bean id="response" class="com.training.bean.Response" />	
	 
</beans>